,Accuracy,config/layers,config/filters,config/kernels
889,0.39570000767707825,3,[16 16 16],[2 4 2]
319,0.39419999718666077,3,[ 8 64  8],[3 3 3]
949,0.39149999618530273,3,[ 8 32 32],[2 4 2]
298,0.3912000060081482,3,[ 8  8 64],[2 2 2]
920,0.3903999924659729,3,[ 8 64 16],[2 3 2]
260,0.3887999951839447,3,[ 8 16  8],[2 2 2]
418,0.3840999901294708,3,[16 32 32],[3 2 3]
666,0.38359999656677246,3,[32 64 64],[2 2 2]
494,0.3833000063896179,3,[ 8 16 32],[3 2 3]
721,0.3831999897956848,3,[ 8 32 64],[2 2 4]
608,0.38190001249313354,3,[ 8 16  8],[2 3 3]
993,0.38100001215934753,3,[16 64 64],[2 2 2]
963,0.3797999918460846,3,[32 64 64],[2 3 2]
629,0.37940001487731934,3,[32 16 16],[3 2 2]
384,0.3788999915122986,3,[16 32 32],[3 3 2]
543,0.3783999979496002,3,[16 16 16],[3 4 2]
28,0.3783000111579895,3,[ 8  8 16],[2 3 4]
173,0.37709999084472656,3,[ 8 32 16],[3 4 2]
642,0.376800000667572,3,[16 16 16],[3 3 4]
973,0.3765000104904175,3,[ 8 32  8],[3 3 2]
366,0.37599998712539673,3,[ 8 16 64],[2 3 2]
759,0.37560001015663147,3,[64 32 32],[2 2 2]
868,0.37540000677108765,4,[ 8 16 32 32],[3 2 4 2]
671,0.37529999017715454,3,[64 32 32],[2 2 2]
162,0.3747999966144562,3,[16 32 32],[3 2 2]
466,0.3747999966144562,3,[ 8 64 64],[2 3 3]
678,0.3743000030517578,3,[ 8  8 32],[3 2 3]
111,0.37389999628067017,3,[16 32 16],[2 3 3]
297,0.37380000948905945,3,[32 32 32],[2 3 4]
129,0.3720000088214874,3,[ 8 32 32],[2 3 3]
61,0.3716999888420105,3,[ 8 16  8],[2 3 3]
999,0.3711000084877014,3,[ 8  8 64],[2 3 2]
751,0.3709999918937683,3,[ 8 32 32],[2 3 3]
447,0.37070000171661377,3,[16 16 16],[2 4 2]
845,0.37059998512268066,3,[ 8 32  8],[3 2 3]
402,0.37040001153945923,3,[16 16  8],[3 2 4]
863,0.3702999949455261,3,[ 8 16 16],[2 3 2]
73,0.3702000081539154,3,[16 64 32],[4 3 4]
948,0.3702000081539154,3,[16 32 64],[2 4 3]
574,0.3700999915599823,3,[ 8 64 16],[3 4 2]
353,0.3700999915599823,3,[16 16 32],[2 2 4]
763,0.3700000047683716,3,[32 64 16],[3 4 2]
229,0.3698999881744385,3,[ 8 64 32],[2 4 2]
570,0.36970001459121704,3,[ 8 16  8],[4 4 2]
784,0.3682999908924103,3,[ 8 32 32],[3 4 2]
729,0.36800000071525574,3,[8 8 8],[3 2 2]
923,0.36800000071525574,3,[16 64 64],[2 3 2]
743,0.367900013923645,3,[ 8 32 32],[3 4 3]
636,0.3675999939441681,3,[ 8 32 64],[2 4 4]
495,0.3675999939441681,3,[ 8  8 16],[3 2 4]
880,0.3675000071525574,3,[ 8 32  8],[2 2 2]
381,0.3671000003814697,3,[ 8  8 16],[3 2 3]
408,0.3668000102043152,3,[64 64 32],[2 2 2]
461,0.3668000102043152,3,[ 8 32 16],[2 3 3]
236,0.3666999936103821,3,[32 16 32],[3 3 2]
261,0.36660000681877136,3,[32 64 64],[2 4 3]
43,0.36649999022483826,3,[ 8 64 16],[4 2 2]
727,0.36640000343322754,3,[32 32 64],[2 3 3]
416,0.366100013256073,3,[16 32 16],[3 2 2]
810,0.36550000309944153,3,[32 16  8],[2 3 4]
86,0.36500000953674316,3,[ 8 32  8],[2 3 2]
950,0.36500000953674316,3,[32 32 32],[2 4 3]
134,0.36489999294281006,3,[16 16 32],[2 3 4]
821,0.36469998955726624,3,[32 16 32],[2 4 2]
327,0.3637000024318695,3,[32 16 16],[3 2 2]
392,0.3634999990463257,3,[32 32 64],[3 3 3]
301,0.36340001225471497,3,[16 32 16],[3 2 2]
921,0.36340001225471497,3,[64 64 64],[2 3 2]
117,0.36340001225471497,3,[ 8  8 16],[2 2 2]
800,0.36340001225471497,3,[32 16 32],[2 4 2]
553,0.36329999566078186,3,[8 8 8],[2 2 3]
741,0.36320000886917114,3,[ 8 32 32],[4 2 2]
912,0.36309999227523804,3,[ 8 16 32],[2 4 2]
760,0.36309999227523804,3,[16 64 32],[3 2 4]
899,0.3625999987125397,3,[16 64 32],[2 4 3]
929,0.36250001192092896,3,[ 8 16 32],[3 2 3]
524,0.3621000051498413,3,[ 8 64 64],[2 3 2]
903,0.3621000051498413,3,[64 32 16],[2 2 2]
816,0.3617999851703644,3,[32 32 64],[3 4 2]
695,0.36149999499320984,3,[16 64 32],[4 4 2]
177,0.3614000082015991,3,[32 32 32],[2 2 2]
905,0.3614000082015991,3,[ 8 64  8],[2 2 2]
197,0.3610999882221222,3,[16 16 16],[4 2 3]
957,0.3610999882221222,3,[16 16  8],[3 3 3]
856,0.36079999804496765,3,[ 8 32 16],[3 4 2]
578,0.36079999804496765,3,[16 16 32],[2 2 2]
836,0.36059999465942383,3,[ 8  8 32],[4 3 2]
944,0.36059999465942383,3,[32 16 32],[2 2 3]
446,0.3605000078678131,3,[16 16 64],[2 3 2]
955,0.3603000044822693,3,[ 8 64 64],[2 4 4]
551,0.3601999878883362,3,[ 8 32 32],[2 4 4]
531,0.3596999943256378,3,[ 8 32 32],[4 2 4]
245,0.35899999737739563,3,[16  8 16],[3 4 2]
161,0.35899999737739563,3,[64 64 64],[2 2 4]
808,0.3587999939918518,3,[ 8 16  8],[3 2 2]
311,0.35830000042915344,3,[16 64 32],[2 2 3]
160,0.35830000042915344,3,[ 8 16 32],[3 2 3]
271,0.3582000136375427,3,[ 8 32 64],[4 3 2]
500,0.3582000136375427,3,[16 16 64],[2 4 4]
265,0.3580999970436096,3,[16  8  8],[2 2 2]
698,0.357699990272522,3,[ 8 16 64],[4 3 3]
313,0.35749998688697815,3,[32 64 16],[2 4 2]
519,0.3573000133037567,3,[64  8 16],[2 3 3]
130,0.35690000653266907,3,[16 16 16],[3 3 4]
956,0.35679998993873596,3,[ 8 16 16],[4 2 2]
323,0.35670000314712524,3,[16 32 32],[3 4 3]
566,0.35670000314712524,3,[64 64 64],[4 3 2]
196,0.35659998655319214,3,[16 32 16],[2 4 2]
299,0.35659998655319214,3,[32 32 32],[3 3 2]
42,0.3564000129699707,3,[ 8 32 64],[2 3 4]
538,0.35600000619888306,3,[32 32 32],[4 3 2]
145,0.3555999994277954,3,[8 8 8],[2 2 2]
536,0.3555000126361847,3,[16 64 64],[2 3 2]
21,0.3553999960422516,3,[32 32 32],[2 3 2]
407,0.35510000586509705,3,[16 32  8],[2 2 3]
565,0.3546999990940094,3,[64 16 32],[2 2 4]
581,0.3546999990940094,3,[16 32 64],[4 2 2]
482,0.3544999957084656,3,[32 64 32],[2 4 3]
541,0.35409998893737793,3,[16 32 32],[4 3 3]
675,0.35409998893737793,2,[16 32],[2 2]
432,0.3540000021457672,3,[32 64 32],[3 3 4]
854,0.3538999855518341,3,[ 8 32 32],[2 3 2]
67,0.3537999987602234,3,[ 8 16 32],[3 4 3]
848,0.35370001196861267,3,[16  8 16],[2 2 3]
794,0.35350000858306885,3,[ 8 32 64],[3 4 3]
998,0.35350000858306885,3,[ 8  8 32],[4 3 2]
84,0.35339999198913574,3,[16 16 32],[3 3 3]
906,0.35339999198913574,3,[64 32 32],[2 4 3]
625,0.353300005197525,3,[64 64 16],[4 3 3]
412,0.353300005197525,3,[ 8 16 16],[3 2 2]
64,0.353300005197525,3,[32 16 32],[2 4 3]
76,0.353300005197525,3,[8 8 8],[3 3 3]
364,0.3531000018119812,3,[ 8 32  8],[2 4 2]
613,0.3528999984264374,3,[16 32 16],[3 3 3]
738,0.3528999984264374,3,[32 32 16],[3 2 2]
36,0.35260000824928284,3,[ 8 16 32],[2 3 2]
700,0.3522999882698059,3,[16 64 64],[2 4 4]
516,0.3522999882698059,3,[16 64 32],[2 4 4]
555,0.3521000146865845,3,[16 32 64],[3 3 2]
393,0.3521000146865845,3,[64  8 32],[2 2 2]
803,0.35190001130104065,3,[16 32 32],[2 4 2]
273,0.35179999470710754,3,[16 32 64],[3 3 2]
1,0.3517000079154968,4,[ 8 64 64 64],[2 2 3 4]
652,0.3517000079154968,3,[16 32 32],[3 3 2]
777,0.3517000079154968,3,[ 8 64 32],[2 4 2]
308,0.3515999913215637,3,[16 32 32],[4 4 2]
560,0.351500004529953,3,[32 64 64],[3 4 3]
933,0.3513999879360199,3,[16 16 64],[3 3 2]
68,0.3513999879360199,3,[ 8  8 64],[3 3 3]
850,0.3513999879360199,3,[16 16 64],[3 2 2]
571,0.3513999879360199,3,[ 8 16  8],[2 4 4]
673,0.35109999775886536,3,[ 8 64 32],[3 4 3]
249,0.35089999437332153,3,[ 8 16  8],[2 3 2]
443,0.3508000075817108,3,[64 16 64],[2 3 3]
559,0.3504999876022339,3,[64 32 16],[3 2 2]
172,0.35040000081062317,3,[16 32 16],[3 4 2]
491,0.35030001401901245,3,[ 8 16 64],[3 3 3]
664,0.35019999742507935,3,[ 8 16 32],[3 3 3]
396,0.3499999940395355,3,[ 8  8 16],[2 4 4]
609,0.3499000072479248,3,[ 8 64 16],[2 3 3]
53,0.3495999872684479,3,[16 32 16],[4 2 3]
651,0.34950000047683716,3,[64 32 64],[2 4 3]
830,0.34940001368522644,3,[ 8 64 64],[2 4 3]
967,0.34940001368522644,3,[32 32 64],[3 2 3]
779,0.3492000102996826,3,[32 64 32],[3 2 3]
701,0.3490999937057495,3,[8 8 8],[3 3 4]
818,0.3488999903202057,3,[ 8 32 16],[2 4 3]
483,0.34880000352859497,3,[32 32 64],[4 4 3]
291,0.34860000014305115,4,[ 8 16  8 32],[3 4 2 3]
316,0.34860000014305115,3,[64 16 16],[2 3 2]
403,0.34860000014305115,3,[64 16 16],[2 2 3]
847,0.34860000014305115,3,[64 64 64],[2 4 2]
46,0.3483999967575073,3,[32  8  8],[3 2 2]
593,0.3481999933719635,3,[64 32 64],[2 4 3]
669,0.3481000065803528,3,[ 8 64 16],[2 3 4]
224,0.34790000319480896,3,[16 64 64],[2 4 3]
472,0.34769999980926514,3,[32 32 32],[2 3 3]
394,0.3476000130176544,3,[64 64 64],[3 4 3]
809,0.3476000130176544,3,[64 32 32],[3 3 2]
766,0.3476000130176544,3,[ 8 16 16],[4 3 4]
476,0.3472999930381775,3,[16 64 32],[4 2 2]
976,0.3472999930381775,3,[ 8 16 32],[3 4 4]
90,0.3467000126838684,3,[16  8  8],[2 2 4]
732,0.3467000126838684,3,[64 32 64],[3 3 4]
492,0.3465999960899353,3,[32 64 32],[3 4 4]
343,0.3465000092983246,3,[32 32 16],[2 2 2]
510,0.3463999927043915,3,[ 8 32 16],[3 3 3]
545,0.3463999927043915,3,[ 8 32 16],[4 4 2]
187,0.3463999927043915,3,[32 16 16],[2 2 2]
85,0.34610000252723694,3,[ 8  8 16],[2 3 3]
928,0.3458000123500824,3,[64 64 32],[2 2 3]
823,0.3456000089645386,3,[16 64 16],[4 2 2]
341,0.3456000089645386,3,[16 64 32],[4 4 3]
200,0.34549999237060547,3,[ 8  8 32],[4 4 4]
603,0.34540000557899475,3,[32 32 64],[3 3 2]
164,0.34529998898506165,3,[ 8 64 32],[4 4 4]
337,0.34529998898506165,3,[16  8 16],[3 2 2]
119,0.3452000021934509,3,[32 32 64],[3 3 4]
709,0.3450999855995178,3,[32 16 64],[4 2 3]
557,0.3450999855995178,3,[32 64 32],[2 2 4]
154,0.3449999988079071,3,[32 64 64],[4 4 3]
480,0.3449999988079071,3,[64 64 16],[2 2 2]
804,0.3449000120162964,3,[32 32 32],[4 4 4]
505,0.3447999954223633,3,[64 32 16],[2 2 3]
583,0.34459999203681946,3,[ 8 64 32],[2 3 2]
498,0.34459999203681946,3,[32  8 16],[2 3 2]
365,0.34450000524520874,3,[ 8 16  8],[3 4 4]
232,0.3440000116825104,3,[ 8 64 64],[3 3 3]
554,0.34389999508857727,3,[ 8 64 64],[2 4 4]
716,0.34380000829696655,3,[32 64 32],[3 3 3]
954,0.34369999170303345,3,[32  8 16],[3 3 3]
191,0.3434000015258789,4,[ 8 64 64 16],[3 3 3 2]
212,0.3433000147342682,3,[32  8 64],[2 2 3]
564,0.34310001134872437,3,[ 8 32 32],[3 4 2]
334,0.3425999879837036,3,[32 32 64],[4 4 4]
462,0.3425000011920929,3,[16 32 16],[2 3 3]
846,0.3425000011920929,3,[16 64 64],[2 2 3]
765,0.3424000144004822,3,[32 16  8],[3 3 4]
63,0.3424000144004822,3,[64 32 32],[4 3 2]
357,0.34220001101493835,3,[32 32 32],[2 2 4]
706,0.34200000762939453,3,[64 16 16],[2 2 2]
851,0.34200000762939453,3,[32 16 16],[4 2 2]
302,0.3418999910354614,3,[16 32  8],[2 2 2]
479,0.34130001068115234,3,[64 16  8],[3 3 3]
805,0.34119999408721924,3,[ 8 64 32],[3 4 4]
493,0.34119999408721924,3,[16  8 16],[2 3 3]
234,0.3409000039100647,3,[ 8 64 32],[2 4 3]
995,0.34060001373291016,3,[ 8 32 16],[4 3 3]
860,0.34060001373291016,3,[16  8  8],[2 2 3]
176,0.34049999713897705,3,[ 8 32 32],[3 4 4]
374,0.3402000069618225,3,[64 32 16],[3 2 4]
69,0.3402000069618225,4,[16 16 16 16],[2 2 2 2]
892,0.3400999903678894,3,[ 8  8 16],[2 4 2]
996,0.3400000035762787,3,[ 8 64 64],[3 2 2]
576,0.3400000035762787,3,[32 32 64],[3 3 2]
221,0.33980000019073486,3,[16 16 64],[4 4 3]
5,0.33980000019073486,4,[64 32 32 64],[2 2 4 3]
689,0.33970001339912415,3,[ 8 16  8],[2 3 4]
877,0.33959999680519104,3,[16 16  8],[2 3 3]
710,0.33959999680519104,3,[16 32 16],[2 3 3]
165,0.33959999680519104,3,[ 8 32 32],[4 4 2]
391,0.3395000100135803,3,[ 8 16 32],[2 3 4]
550,0.3395000100135803,4,[8 8 8 8],[4 3 2 3]
544,0.3393999934196472,3,[64  8 32],[4 2 3]
931,0.3393000066280365,3,[32 32 32],[4 4 2]
611,0.3391999900341034,3,[ 8 64 32],[3 4 3]
183,0.3391000032424927,3,[64 64 64],[2 3 4]
206,0.3391000032424927,3,[16 64  8],[3 3 2]
866,0.33899998664855957,3,[32  8 16],[2 2 3]
350,0.33889999985694885,1,[16],[3]
780,0.33869999647140503,3,[64 64 64],[3 2 4]
725,0.3386000096797943,3,[16 16 32],[4 2 3]
822,0.3384999930858612,3,[16 32  8],[2 3 3]
793,0.3384999930858612,3,[64 16 16],[2 4 2]
567,0.3384000062942505,3,[16  8 32],[3 2 3]
41,0.3384000062942505,3,[16  8 64],[2 2 4]
849,0.3384000062942505,3,[16 32  8],[3 2 2]
896,0.3382999897003174,3,[ 8 32  8],[2 3 3]
635,0.3382999897003174,3,[64 32 32],[3 2 2]
243,0.33820000290870667,3,[32  8  8],[3 2 3]
371,0.33820000290870667,3,[64 32 32],[4 3 3]
217,0.33820000290870667,3,[32 64 32],[2 2 2]
174,0.33820000290870667,3,[64 32 32],[3 3 4]
917,0.33809998631477356,3,[ 8 64 16],[2 4 4]
600,0.33809998631477356,3,[16  8  8],[3 2 3]
979,0.3379000127315521,3,[ 8 16 16],[4 2 3]
389,0.3375999927520752,3,[64 64 16],[2 2 3]
605,0.33730000257492065,3,[16 16 16],[4 3 3]
204,0.33730000257492065,3,[32 32 16],[3 4 4]
977,0.33709999918937683,3,[32 32  8],[2 2 3]
88,0.3366999924182892,3,[64 16 16],[2 4 2]
647,0.33660000562667847,3,[32  8 16],[4 3 4]
258,0.33649998903274536,3,[64  8 16],[3 2 2]
263,0.33640000224113464,3,[ 8  8 32],[4 4 2]
807,0.33640000224113464,3,[32 64 16],[2 2 4]
670,0.33640000224113464,3,[16  8 16],[3 3 3]
368,0.33629998564720154,3,[64 64 64],[2 4 4]
989,0.3361999988555908,3,[64 16 32],[3 2 3]
294,0.335999995470047,3,[64 16 32],[4 2 3]
639,0.335999995470047,3,[32 16 16],[3 3 2]
283,0.3359000086784363,3,[32 32 32],[2 3 4]
893,0.3357999920845032,3,[64 16 16],[4 4 3]
683,0.3357999920845032,3,[32 16 32],[2 2 2]
233,0.33570000529289246,3,[32  8  8],[2 2 3]
904,0.33570000529289246,3,[64 32 16],[2 2 2]
514,0.33559998869895935,3,[ 8 64 16],[2 2 2]
440,0.33559998869895935,3,[64 64 32],[3 3 4]
336,0.33550000190734863,3,[32 32 32],[4 4 2]
982,0.3353999853134155,3,[32 32 16],[3 2 3]
951,0.3352999985218048,3,[64 32 32],[2 4 2]
235,0.3352000117301941,3,[16 32 64],[3 2 2]
39,0.33500000834465027,3,[16  8 64],[3 2 2]
354,0.33500000834465027,3,[16  8 32],[2 3 4]
126,0.33489999175071716,3,[32 64 32],[3 4 2]
406,0.33480000495910645,3,[32 32  8],[3 3 4]
898,0.33480000495910645,3,[64 16 16],[2 3 4]
75,0.33480000495910645,3,[64 32 16],[4 4 3]
142,0.33480000495910645,3,[16 64 64],[3 4 3]
907,0.33469998836517334,3,[32 16  8],[2 2 2]
230,0.3346000015735626,3,[16 32 64],[2 3 2]
112,0.3346000015735626,3,[32 32 32],[3 4 3]
132,0.3345000147819519,3,[ 8 64 32],[4 4 4]
65,0.3343000113964081,3,[64  8  8],[2 3 2]
93,0.334199994802475,3,[ 8 32  8],[2 4 3]
965,0.33410000801086426,3,[16 16  8],[4 2 2]
318,0.33399999141693115,3,[32 16 32],[4 4 4]
439,0.33390000462532043,3,[64 32 64],[4 2 2]
97,0.33379998803138733,3,[64 32 64],[3 2 4]
423,0.3336000144481659,3,[64 32 64],[3 2 3]
419,0.3336000144481659,3,[32 16 16],[3 3 4]
14,0.3336000144481659,4,[ 8 64  8  8],[3 4 4 2]
152,0.3336000144481659,3,[ 8  8 32],[4 2 4]
726,0.3334999978542328,3,[64  8  8],[2 2 3]
444,0.3334999978542328,3,[16 64 32],[3 2 4]
861,0.3334999978542328,3,[64 16 16],[3 4 2]
429,0.3334999978542328,4,[64 32 16 32],[4 3 2 2]
259,0.33340001106262207,3,[16 16  8],[4 2 3]
971,0.33329999446868896,3,[64 16 32],[3 4 3]
961,0.33329999446868896,3,[16 32  8],[4 2 3]
40,0.33329999446868896,3,[64  8  8],[2 3 3]
733,0.33320000767707825,3,[64 16 64],[2 4 3]
862,0.33320000767707825,3,[ 8 16 16],[4 3 4]
133,0.3330000042915344,3,[64 16 16],[3 4 4]
356,0.3330000042915344,3,[32 16 32],[4 3 3]
157,0.3330000042915344,3,[ 8 16 32],[3 4 2]
188,0.3330000042915344,3,[32 16 64],[3 2 2]
943,0.3328000009059906,3,[32  8 64],[2 4 4]
704,0.3328000009059906,3,[ 8 16 32],[3 4 4]
410,0.3325999975204468,3,[32 64 16],[2 2 2]
58,0.3325999975204468,4,[ 8 32 16  8],[4 3 4 4]
707,0.33239999413490295,3,[32 32 64],[4 3 2]
10,0.33230000734329224,4,[64 64 16 16],[2 2 3 4]
208,0.3319999873638153,3,[16  8  8],[4 3 2]
723,0.3319000005722046,3,[64 64 64],[2 2 2]
650,0.33180001378059387,3,[ 8 64 16],[2 2 2]
170,0.33160001039505005,3,[ 8 16 32],[3 3 3]
705,0.33160001039505005,3,[ 8 16 64],[2 4 2]
924,0.33149999380111694,3,[64 64 32],[2 4 3]
220,0.3314000070095062,3,[ 8  8 16],[4 2 3]
155,0.3312000036239624,3,[64 32 32],[4 4 3]
4,0.3312000036239624,3,[32 16 32],[3 4 3]
158,0.3312000036239624,3,[64 16 64],[4 2 2]
787,0.3312000036239624,3,[64 32 16],[4 2 3]
546,0.3310000002384186,3,[32 32 16],[4 4 2]
878,0.3310000002384186,3,[32 16  8],[2 4 2]
490,0.3310000002384186,3,[ 8  8 32],[3 2 4]
685,0.33090001344680786,3,[32 32 16],[4 4 4]
78,0.33090001344680786,3,[32 64 32],[3 3 3]
376,0.33090001344680786,3,[64 16 32],[2 3 4]
417,0.33079999685287476,3,[32 16 16],[4 2 4]
703,0.33079999685287476,3,[ 8 16 64],[4 3 3]
241,0.33070001006126404,3,[64 16 64],[2 4 4]
463,0.33070001006126404,3,[ 8  8 32],[4 2 3]
137,0.3305000066757202,3,[32 64 64],[2 3 3]
792,0.3305000066757202,4,[32 16 32 32],[3 3 2 2]
894,0.3303999900817871,3,[ 8 64  8],[2 4 2]
601,0.3303000032901764,3,[64 16 32],[3 2 3]
937,0.3303000032901764,4,[64  8 16 32],[2 2 2 4]
317,0.3303000032901764,3,[16 16 64],[4 2 3]
50,0.3301999866962433,1,[8],[2]
438,0.3301999866962433,3,[16  8 32],[2 3 3]
460,0.33009999990463257,3,[16  8  8],[2 4 3]
207,0.33009999990463257,3,[64  8 32],[2 2 3]
842,0.33000001311302185,3,[32  8 64],[2 2 2]
194,0.32989999651908875,3,[32 32  8],[4 2 3]
388,0.329800009727478,3,[32  8 32],[3 2 2]
484,0.329800009727478,3,[ 8 16 64],[2 3 4]
981,0.329800009727478,3,[64 32  8],[3 2 4]
645,0.3296999931335449,4,[32  8  8 64],[4 3 3 3]
110,0.3294999897480011,3,[16  8 16],[3 4 4]
326,0.3294000029563904,3,[64 64 64],[4 2 2]
679,0.3294000029563904,3,[32 16 64],[2 3 2]
990,0.32910001277923584,3,[32 64 64],[3 4 3]
288,0.32910001277923584,3,[64 16 32],[3 3 2]
815,0.32899999618530273,3,[64 16 64],[2 4 2]
515,0.32899999618530273,3,[16  8 64],[3 4 2]
163,0.32899999618530273,3,[32  8 16],[4 2 2]
293,0.3287999927997589,3,[32 16 32],[3 2 3]
589,0.3287999927997589,3,[16  8 32],[2 2 2]
369,0.3287000060081482,3,[64 32  8],[2 2 3]
563,0.3287000060081482,3,[16 16 64],[4 4 2]
926,0.3285999894142151,3,[64 32 64],[4 4 2]
147,0.32839998602867126,3,[ 8 64  8],[3 4 4]
656,0.32839998602867126,3,[32 16  8],[3 4 3]
985,0.32829999923706055,3,[16  8 32],[2 3 2]
451,0.32820001244544983,3,[ 8 16  8],[2 3 2]
456,0.3280999958515167,3,[32 32 32],[4 2 3]
47,0.3280999958515167,3,[64  8  8],[4 2 3]
270,0.3280999958515167,3,[64  8 64],[2 4 4]
79,0.328000009059906,3,[ 8 32  8],[3 2 2]
497,0.328000009059906,3,[16  8 16],[4 2 3]
572,0.328000009059906,3,[64 32 16],[2 3 4]
872,0.3278000056743622,3,[16 32 16],[3 3 2]
512,0.3276999890804291,3,[ 8 64 64],[2 4 4]
796,0.3276999890804291,3,[16  8 32],[4 3 2]
469,0.32760000228881836,3,[16 32 16],[3 3 2]
80,0.32760000228881836,3,[32 16  8],[4 3 3]
474,0.32760000228881836,3,[16  8 64],[4 3 2]
141,0.32760000228881836,4,[ 8 32 64 32],[2 3 3 4]
171,0.32749998569488525,3,[16 32 32],[3 4 4]
422,0.3273000121116638,3,[64 32 32],[2 4 3]
8,0.32710000872612,4,[64  8  8 16],[3 4 3 2]
643,0.3269999921321869,3,[64 32 64],[3 3 4]
481,0.32690000534057617,3,[ 8 64 64],[2 3 4]
436,0.32670000195503235,3,[32 32  8],[4 4 4]
9,0.32670000195503235,4,[64 16  8 32],[4 2 3 2]
312,0.3264999985694885,3,[ 8 64 16],[3 3 2]
728,0.3264000117778778,3,[64 16  8],[4 2 2]
633,0.3262999951839447,3,[64 32 64],[2 2 3]
882,0.3262999951839447,3,[32  8 64],[3 4 2]
938,0.326200008392334,4,[ 8 16  8  8],[4 3 3 4]
754,0.32600000500679016,3,[32 16  8],[3 2 4]
94,0.32600000500679016,3,[32 32  8],[2 2 4]
676,0.32589998841285706,3,[32 64 64],[3 4 3]
835,0.32580000162124634,3,[ 8  8 16],[3 4 3]
774,0.32580000162124634,3,[64 16 16],[4 3 3]
452,0.3257000148296356,3,[8 8 8],[2 3 2]
26,0.3257000148296356,3,[16  8 32],[2 4 3]
749,0.3257000148296356,3,[ 8  8 64],[3 3 2]
761,0.3257000148296356,3,[16 64 16],[4 2 2]
632,0.3255999982357025,3,[64 32 32],[2 3 4]
590,0.3255999982357025,3,[16  8 16],[4 4 4]
219,0.3255000114440918,3,[32 16  8],[3 3 3]
535,0.3255000114440918,3,[ 8 16  8],[3 3 2]
558,0.3255000114440918,3,[64 64 16],[4 3 2]
71,0.3255000114440918,4,[ 8 16 16 16],[3 4 2 4]
355,0.325300008058548,3,[16 64 16],[2 4 3]
199,0.3249000012874603,3,[ 8  8 16],[2 4 4]
932,0.3249000012874603,3,[32 32 32],[3 2 4]
569,0.3248000144958496,3,[ 8 32 64],[4 4 2]
33,0.3246999979019165,3,[32 32 32],[4 3 3]
70,0.3246999979019165,4,[16  8 16 16],[4 3 2 3]
214,0.3246000111103058,3,[32 32  8],[4 3 2]
455,0.3246000111103058,3,[16 32 32],[4 3 3]
156,0.3244999945163727,3,[16  8 32],[3 2 3]
22,0.32440000772476196,3,[32 16  8],[4 3 3]
627,0.32440000772476196,3,[32 16 16],[4 4 2]
125,0.32429999113082886,3,[16 16 64],[3 4 3]
740,0.32420000433921814,1,[8],[4]
772,0.32409998774528503,3,[32 32 64],[3 4 4]
674,0.32409998774528503,3,[16 16  8],[2 4 2]
745,0.3240000009536743,4,[32 64 16 16],[2 3 3 2]
865,0.3240000009536743,3,[32 16 16],[4 3 3]
409,0.3239000141620636,3,[64 64 32],[4 2 2]
459,0.3239000141620636,3,[16 16 16],[4 2 4]
690,0.32359999418258667,3,[16 32 64],[4 4 4]
23,0.32350000739097595,4,[ 8 64 16  8],[4 4 2 4]
284,0.32350000739097595,3,[16  8 64],[2 4 4]
266,0.32330000400543213,3,[32  8  8],[4 3 3]
203,0.32330000400543213,3,[16 16 64],[4 3 3]
175,0.323199987411499,3,[16  8 32],[3 2 4]
768,0.3230000138282776,2,[16 32],[2 2]
390,0.3230000138282776,3,[ 8 16 64],[3 3 2]
38,0.3228999972343445,3,[64 64 16],[4 4 4]
966,0.32280001044273376,3,[64 32 32],[3 4 3]
143,0.32280001044273376,3,[64 64 32],[3 4 4]
988,0.32260000705718994,4,[32 32 16 16],[4 4 3 4]
953,0.3224000036716461,3,[64 16 32],[3 3 2]
255,0.322299987077713,3,[ 8 64 64],[2 4 4]
891,0.3221000134944916,3,[64  8 16],[4 3 2]
859,0.3221000134944916,3,[ 8 64  8],[2 3 3]
274,0.32199999690055847,3,[16 32  8],[3 4 3]
210,0.32199999690055847,3,[16 32  8],[2 3 2]
329,0.32190001010894775,3,[ 8 16 64],[4 3 4]
264,0.32179999351501465,3,[16  8 64],[4 2 2]
57,0.3215999901294708,4,[ 8 32 16 16],[2 4 2 4]
116,0.321399986743927,3,[64 32 32],[4 4 4]
724,0.3212999999523163,3,[ 8 16  8],[2 3 3]
62,0.32120001316070557,3,[32 16  8],[4 4 3]
708,0.32109999656677246,3,[ 8 16 32],[2 2 3]
190,0.32109999656677246,4,[ 8 64 64 32],[2 3 3 3]
547,0.32100000977516174,3,[64 32 32],[4 3 2]
213,0.32089999318122864,3,[32 64 64],[4 2 4]
489,0.3208000063896179,3,[16  8 32],[4 4 2]
198,0.3206999897956848,3,[64  8  8],[2 4 2]
167,0.3206999897956848,3,[ 8  8 32],[2 4 2]
335,0.3203999996185303,3,[64 64 64],[4 3 4]
496,0.3203999996185303,1,[64],[3]
604,0.32030001282691956,3,[32 32 32],[4 2 3]
737,0.32019999623298645,3,[16 16 16],[3 3 4]
501,0.32019999623298645,3,[64 16 32],[4 3 3]
802,0.32019999623298645,3,[64 16 32],[3 2 4]
189,0.32019999623298645,3,[64  8 16],[3 4 4]
684,0.3199999928474426,3,[16 16  8],[2 4 2]
680,0.3199000060558319,3,[64 16 64],[2 2 2]
425,0.319599986076355,3,[32  8 32],[4 3 4]
687,0.31949999928474426,3,[ 8  8 32],[2 3 4]
89,0.31949999928474426,3,[32 32 32],[4 2 4]
874,0.31940001249313354,3,[16 16 16],[4 2 3]
518,0.31940001249313354,3,[64  8  8],[3 2 3]
330,0.31940001249313354,3,[ 8 32 64],[2 2 2]
373,0.31940001249313354,3,[64 16 16],[4 4 2]
582,0.31929999589920044,3,[32  8  8],[3 3 4]
901,0.31929999589920044,3,[ 8 32  8],[3 2 4]
517,0.3192000091075897,3,[64 16 32],[2 2 4]
290,0.3192000091075897,4,[64 32  8 64],[4 2 2 2]
776,0.3190999925136566,3,[16 32  8],[4 4 3]
83,0.3190999925136566,3,[ 8 16 32],[3 4 3]
413,0.3190999925136566,3,[ 8 16 16],[3 2 4]
122,0.3190000057220459,4,[16 32 16  8],[3 2 3 2]
832,0.3188999891281128,3,[ 8  8 16],[4 2 4]
744,0.3188999891281128,4,[32 16  8 16],[4 3 2 4]
181,0.31869998574256897,3,[32 32 16],[4 3 2]
2,0.31869998574256897,3,[ 8  8 64],[3 2 4]
310,0.31859999895095825,3,[64 32 32],[3 2 3]
471,0.31850001215934753,3,[32  8 16],[3 2 3]
488,0.3183000087738037,3,[ 8 64 64],[4 2 2]
532,0.3183000087738037,3,[32 32  8],[4 4 4]
885,0.3183000087738037,3,[64 64 16],[3 3 3]
169,0.3181999921798706,3,[32 16 32],[4 2 4]
347,0.3181999921798706,3,[64 32 16],[2 3 4]
98,0.3181999921798706,3,[64 16  8],[4 3 3]
331,0.3181000053882599,3,[32 16  8],[4 4 2]
159,0.3181000053882599,3,[64 64 16],[2 4 2]
346,0.3181000053882599,3,[16 32  8],[3 3 4]
415,0.31790000200271606,3,[ 8 32  8],[4 4 2]
883,0.31769999861717224,3,[ 8 64 32],[4 2 3]
250,0.3176000118255615,4,[ 8 32 32 16],[4 2 3 2]
431,0.3176000118255615,3,[32 16  8],[2 3 4]
475,0.3174999952316284,3,[64  8  8],[2 4 4]
586,0.3174999952316284,3,[64 64 64],[2 4 2]
626,0.3172000050544739,3,[ 8 32 32],[2 3 3]
853,0.31709998846054077,3,[ 8 32 64],[2 4 2]
286,0.31690001487731934,3,[32 32 32],[3 2 3]
104,0.31690001487731934,3,[16 64 32],[2 4 3]
548,0.31690001487731934,3,[32  8 64],[3 2 4]
542,0.31679999828338623,3,[16  8 32],[2 3 4]
693,0.31679999828338623,3,[ 8  8 32],[3 3 3]
984,0.3165000081062317,3,[ 8  8 64],[3 4 2]
533,0.3163999915122986,3,[ 8 64  8],[4 2 2]
342,0.3158000111579895,3,[64  8 16],[3 3 4]
449,0.3158000111579895,1,[16],[3]
974,0.3156999945640564,3,[32 16 64],[4 2 2]
812,0.3156000077724457,3,[32 32  8],[3 4 3]
303,0.3149999976158142,3,[16 16 64],[3 3 3]
400,0.3149000108242035,3,[64 16 16],[3 3 3]
747,0.3149000108242035,3,[32  8 16],[2 4 3]
622,0.3149000108242035,3,[64  8 64],[2 2 3]
833,0.3147999942302704,3,[ 8 32 16],[4 2 3]
321,0.31450000405311584,3,[32  8  8],[4 3 4]
146,0.31439998745918274,3,[64 32  8],[2 2 2]
473,0.3142000138759613,3,[ 8 32 16],[4 4 4]
908,0.3140999972820282,3,[ 8 32 64],[4 3 4]
332,0.3138999938964844,2,[8 8],[4 4]
435,0.31380000710487366,3,[16 64  8],[4 3 2]
405,0.31380000710487366,3,[16  8 32],[2 4 4]
736,0.31380000710487366,3,[32  8  8],[4 4 2]
508,0.31369999051094055,3,[64  8  8],[2 3 2]
764,0.31360000371932983,3,[16 16 64],[2 3 4]
580,0.31349998712539673,3,[64  8  8],[2 3 2]
663,0.3133000135421753,3,[64 16 16],[2 2 2]
968,0.31310001015663147,3,[ 8 64 32],[4 3 3]
19,0.31279999017715454,4,[ 8  8  8 32],[2 4 4 4]
614,0.3127000033855438,3,[32 32 64],[3 3 3]
306,0.3127000033855438,3,[32  8 16],[2 4 3]
640,0.3127000033855438,3,[16  8  8],[3 4 4]
655,0.3125999867916107,3,[64  8 16],[4 2 4]
121,0.3124000132083893,2,[ 8 32],[2 3]
351,0.3124000132083893,3,[ 8  8 32],[2 2 2]
902,0.3124000132083893,3,[32 32 16],[2 4 4]
795,0.3122999966144562,3,[16 32 32],[4 3 4]
195,0.31220000982284546,3,[64  8 64],[4 2 2]
884,0.31209999322891235,3,[64 32 32],[2 3 4]
824,0.31200000643730164,3,[ 8 64 32],[2 2 2]
166,0.31189998984336853,1,[8],[2]
127,0.3118000030517578,3,[64 16  8],[3 2 3]
858,0.3116999864578247,3,[32 64 32],[4 2 3]
799,0.3116999864578247,3,[ 8 32  8],[2 2 4]
421,0.31150001287460327,1,[8],[4]
773,0.31139999628067017,3,[32 16  8],[4 4 3]
254,0.31130000948905945,2,[ 8 32],[4 2]
377,0.31119999289512634,3,[32  8 64],[4 4 4]
649,0.3111000061035156,3,[32 64  8],[2 3 2]
871,0.3109000027179718,3,[16  8 64],[2 2 3]
339,0.3107999861240387,3,[32 32 32],[3 2 3]
226,0.31060001254081726,3,[64  8  8],[2 3 3]
922,0.31060001254081726,3,[64 16 16],[3 4 3]
507,0.31060001254081726,3,[64  8 16],[3 2 2]
534,0.31049999594688416,3,[64 16  8],[4 3 4]
770,0.31029999256134033,2,[ 8 16],[4 4]
730,0.3102000057697296,3,[64 64  8],[2 2 2]
681,0.3102000057697296,3,[64 32 64],[3 2 3]
592,0.3102000057697296,1,[16],[4]
192,0.3100999891757965,4,[16  8  8 16],[2 2 3 4]
813,0.3100999891757965,3,[64 16 32],[3 4 4]
144,0.3100000023841858,3,[32 16  8],[3 2 2]
615,0.3098999857902527,3,[64 32  8],[4 2 2]
395,0.30979999899864197,3,[64 64 16],[3 4 2]
731,0.3095000088214874,3,[64 16 64],[2 2 4]
32,0.3093999922275543,1,[64],[2]
315,0.3093999922275543,3,[32 16  8],[4 2 3]
96,0.3091999888420105,3,[16 16 64],[4 2 3]
242,0.3091000020503998,3,[16  8 64],[2 2 4]
722,0.3089999854564667,3,[64 16  8],[2 4 2]
280,0.30869999527931213,3,[64 32 64],[3 3 4]
623,0.3084999918937683,3,[16 32  8],[4 3 4]
511,0.3084000051021576,3,[32 32  8],[2 4 3]
537,0.3082999885082245,3,[16 64 16],[3 4 3]
106,0.30809998512268066,3,[16  8 32],[2 3 4]
320,0.30790001153945923,3,[64 32 64],[4 4 4]
7,0.30790001153945923,2,[ 8 16],[4 3]
81,0.3077000081539154,3,[ 8 64 64],[2 2 4]
113,0.3077000081539154,3,[32 32  8],[3 2 4]
844,0.3075999915599823,3,[32  8 64],[3 3 4]
367,0.3075000047683716,3,[64 16 16],[3 4 4]
857,0.3075000047683716,3,[16  8  8],[2 4 3]
185,0.3073999881744385,3,[16  8  8],[3 4 2]
523,0.30730000138282776,3,[16 64 16],[4 3 2]
734,0.30730000138282776,3,[64 16 64],[4 4 4]
216,0.30709999799728394,3,[ 8 32 16],[3 2 4]
634,0.3068000078201294,3,[64 32  8],[4 2 2]
720,0.3068000078201294,2,[32 64],[4 2]
397,0.30649998784065247,3,[64  8  8],[2 2 4]
752,0.30649998784065247,3,[8 8 8],[2 4 4]
458,0.3061999976634979,3,[64 64 16],[3 4 4]
712,0.3059999942779541,3,[32 32  8],[3 3 2]
890,0.3057999908924103,3,[32 64  8],[2 3 3]
831,0.30559998750686646,3,[64 64  8],[3 2 2]
275,0.30559998750686646,3,[16 64 64],[4 2 4]
360,0.30550000071525574,3,[ 8 32 32],[4 3 4]
386,0.305400013923645,3,[16 32 16],[3 2 3]
521,0.3052999973297119,1,[8],[3]
441,0.3050999939441681,3,[16 16  8],[4 4 4]
672,0.3050999939441681,3,[32 32  8],[3 2 2]
282,0.30489999055862427,3,[16  8  8],[3 2 4]
382,0.30489999055862427,3,[32 64 16],[3 3 3]
304,0.30480000376701355,3,[16 64  8],[2 2 3]
426,0.30469998717308044,3,[32 16 64],[3 2 2]
694,0.30469998717308044,3,[32 32 32],[4 3 3]
305,0.3043000102043152,3,[64  8  8],[2 2 4]
594,0.30399999022483826,3,[ 8 64 16],[4 2 3]
385,0.30390000343322754,3,[32  8 64],[2 2 2]
530,0.3037000000476837,3,[64  8 64],[2 3 3]
237,0.303600013256073,3,[64  8 16],[4 4 3]
756,0.3034999966621399,3,[64 32  8],[4 4 3]
262,0.3034000098705292,3,[16 64 16],[2 4 4]
826,0.30329999327659607,3,[16 16 16],[4 3 4]
45,0.30320000648498535,3,[16 32  8],[2 4 4]
454,0.30300000309944153,3,[ 8 16 16],[3 2 3]
657,0.3028999865055084,3,[16 16  8],[4 4 3]
522,0.3025999963283539,1,[16],[4]
358,0.30230000615119934,3,[32 16  8],[2 2 2]
453,0.3019999861717224,3,[64 64  8],[2 2 2]
139,0.3018999993801117,4,[64 64 64 16],[4 4 4 2]
986,0.301800012588501,4,[32  8 16 32],[4 2 4 2]
997,0.301800012588501,3,[64  8 16],[3 4 3]
363,0.301800012588501,3,[64 64 16],[2 4 3]
193,0.30160000920295715,3,[ 8 64  8],[4 4 3]
691,0.3012999892234802,3,[32 32 16],[3 3 4]
852,0.3012999892234802,3,[16  8 16],[3 4 4]
150,0.3012000024318695,3,[64 64 64],[2 2 4]
428,0.3010999858379364,4,[16 16 64  8],[3 4 3 3]
911,0.3009999990463257,3,[32 16  8],[2 3 3]
227,0.3009999990463257,3,[64 64 32],[4 4 3]
20,0.30090001225471497,3,[ 8  8 64],[4 2 3]
430,0.30079999566078186,4,[32 16 32 16],[4 4 2 4]
91,0.30059999227523804,1,[32],[2]
952,0.3003999888896942,3,[32 64  8],[4 3 2]
457,0.3003999888896942,3,[64 16  8],[2 2 4]
325,0.3003000020980835,3,[32 64 16],[3 3 2]
228,0.3001999855041504,3,[64 16 64],[4 3 2]
54,0.3000999987125397,3,[32 16 32],[4 4 4]
945,0.3000999987125397,3,[ 8 32  8],[4 3 4]
15,0.2994000017642975,2,[32 64],[3 2]
919,0.2994000017642975,3,[ 8 32  8],[3 2 3]
115,0.2992999851703644,3,[16  8 16],[4 3 4]
128,0.2987000048160553,3,[16 32  8],[4 2 2]
287,0.2987000048160553,3,[16 64 64],[4 3 4]
59,0.2976999878883362,3,[32  8  8],[2 3 4]
991,0.2971000075340271,3,[ 8 16 64],[2 3 4]
300,0.296999990940094,3,[64 16 64],[2 2 4]
72,0.296999990940094,3,[64 32 16],[3 2 4]
641,0.2969000041484833,1,[16],[2]
969,0.29649999737739563,3,[32  8  8],[2 2 4]
855,0.296099990606308,3,[64 64  8],[3 4 3]
292,0.29589998722076416,3,[32  8  8],[3 4 3]
696,0.2957000136375427,4,[ 8 16  8 16],[3 3 2 3]
244,0.2957000136375427,3,[32 32  8],[2 2 2]
338,0.2955999970436096,3,[64 32 32],[4 2 4]
182,0.2955999970436096,3,[32 32  8],[4 4 3]
934,0.29499998688697815,3,[ 8 64 32],[3 4 4]
987,0.29440000653266907,3,[64  8  8],[3 4 3]
509,0.29429998993873596,3,[32 16 64],[4 2 3]
238,0.29420000314712524,3,[64 64 64],[3 3 4]
201,0.2939999997615814,3,[ 8  8 32],[3 3 4]
18,0.2935999929904938,4,[64 16  8  8],[2 2 4 3]
420,0.29350000619888306,3,[32 64 64],[4 3 4]
504,0.29330000281333923,3,[32 32 64],[4 3 3]
448,0.29249998927116394,3,[32 64 16],[2 2 3]
975,0.29249998927116394,3,[32 16 16],[3 4 3]
992,0.2921000123023987,3,[ 8 64  8],[4 2 2]
791,0.29120001196861267,1,[32],[4]
352,0.29120001196861267,1,[8],[4]
414,0.2906999886035919,3,[32 64 64],[2 2 4]
699,0.28940001130104065,3,[64 64  8],[2 2 4]
697,0.2892000079154968,4,[16 16 32 16],[2 4 4 2]
915,0.2888000011444092,3,[ 8 32 32],[4 3 2]
307,0.28859999775886536,3,[16 16 64],[4 4 4]
753,0.28850001096725464,3,[16  8 32],[4 4 3]
637,0.28839999437332153,3,[64 16  8],[4 2 3]
380,0.2883000075817108,2,[16 16],[3 2]
411,0.2883000075817108,3,[32 32 64],[3 3 4]
781,0.2874000072479248,3,[64 64 32],[4 2 4]
595,0.2872999906539917,2,[ 8 64],[3 3]
345,0.2872999906539917,3,[64 32  8],[3 4 4]
585,0.2870999872684479,3,[16 64 16],[4 4 3]
468,0.2870999872684479,3,[ 8 32 32],[2 2 4]
624,0.2863999903202057,3,[64 64  8],[4 4 2]
946,0.2863999903202057,3,[64 16  8],[4 3 4]
782,0.2858000099658966,3,[ 8 64 32],[3 2 3]
789,0.28519999980926514,1,[32],[2]
887,0.28439998626708984,1,[64],[4]
434,0.28439998626708984,2,[32 32],[3 4]
140,0.2842999994754791,4,[16 16 32 64],[3 2 3 3]
667,0.2842000126838684,1,[16],[2]
55,0.2842000126838684,3,[16 64 32],[4 3 4]
909,0.2840999960899353,1,[8],[4]
888,0.2833999991416931,3,[16 64 32],[3 2 4]
867,0.28299999237060547,4,[32 32 64 16],[4 2 2 2]
718,0.28209999203681946,3,[64 32  8],[4 2 2]
940,0.28189998865127563,3,[ 8  8 64],[4 2 4]
101,0.2815000116825104,4,[64 16 16 32],[3 3 4 2]
653,0.2809999883174896,3,[64  8 32],[3 2 4]
964,0.2809999883174896,2,[ 8 32],[3 4]
840,0.2809000015258789,2,[16 16],[4 2]
775,0.2809000015258789,3,[64 32 32],[4 2 4]
252,0.28060001134872437,4,[32 32  8 16],[2 4 2 4]
715,0.2784999907016754,1,[64],[4]
797,0.2782999873161316,3,[32 32  8],[3 3 4]
82,0.2750000059604645,2,[64 64],[2 4]
205,0.2727999985218048,3,[ 8 32  8],[3 3 3]
879,0.2727000117301941,3,[64 64  8],[2 4 4]
702,0.271699994802475,3,[16 64  8],[2 4 3]
742,0.2712000012397766,3,[ 8 64  8],[4 2 4]
520,0.2709999978542328,1,[64],[4]
662,0.27079999446868896,3,[ 8 64  8],[2 3 2]
918,0.2703000009059906,3,[16 64  8],[3 4 2]
612,0.26759999990463257,3,[32 64  8],[4 4 3]
25,0.26649999618530273,3,[16 64  8],[2 2 4]
628,0.26570001244544983,3,[16 32  8],[4 3 3]
151,0.2653999924659729,3,[16 32 64],[4 2 3]
211,0.26489999890327454,3,[16 32 32],[4 4 4]
379,0.2646999955177307,2,[ 8 64],[3 3]
785,0.2644999921321869,3,[32 64 16],[4 3 3]
281,0.2630999982357025,3,[ 8 64  8],[4 2 3]
314,0.26249998807907104,3,[ 8 64  8],[4 3 3]
465,0.26249998807907104,3,[32 64  8],[2 4 3]
839,0.2621999979019165,2,[64 64],[3 2]
811,0.26170000433921814,3,[16 64  8],[2 2 4]
513,0.2614000141620636,3,[ 8 64 32],[3 2 4]
827,0.2612000107765198,3,[32 32  8],[4 2 4]
711,0.2603999972343445,3,[64 64 16],[3 4 3]
958,0.25999999046325684,1,[8],[3]
278,0.2590000033378601,3,[ 8 64 16],[4 4 2]
401,0.2581999897956848,3,[64 64  8],[4 4 4]
56,0.25760000944137573,3,[32 32 16],[2 2 4]
485,0.257099986076355,3,[ 8 64  8],[2 2 3]
138,0.25699999928474426,3,[ 8 64 16],[3 3 2]
272,0.2563000023365021,1,[16],[4]
573,0.25609999895095825,3,[ 8 64  8],[2 2 2]
322,0.25529998540878296,3,[32 64  8],[2 3 4]
186,0.2535000145435333,3,[64 64  8],[4 4 3]
540,0.2531000077724457,3,[ 8 64 16],[2 3 2]
276,0.251800000667572,3,[64 64  8],[4 4 3]
0,0.25130000710487366,1,[32],[2]
6,0.2506999969482422,1,[16],[3]
35,0.24959999322891235,3,[16 64  8],[3 2 2]
387,0.24899999797344208,3,[16 64 32],[2 3 4]
864,0.2484000027179718,3,[32 64 16],[4 3 3]
209,0.24809999763965607,3,[64 64  8],[2 2 3]
914,0.24690000712871552,2,[32  8],[4 2]
246,0.24639999866485596,3,[16 64  8],[4 2 3]
180,0.24469999969005585,2,[ 8 64],[2 3]
120,0.2442999929189682,2,[32 64],[4 4]
525,0.24310000240802765,3,[16 32 32],[2 3 3]
295,0.24220000207424164,1,[64],[4]
399,0.24160000681877136,1,[16],[3]
12,0.23919999599456787,2,[32 16],[2 3]
910,0.23839999735355377,1,[16],[4]
247,0.23839999735355377,3,[ 8 16 64],[4 2 3]
527,0.23759999871253967,2,[64 64],[4 4]
528,0.2354000061750412,2,[64 32],[4 4]
464,0.2353000044822693,3,[ 8 16 16],[2 4 4]
48,0.23440000414848328,1,[64],[4]
477,0.23229999840259552,2,[64 32],[3 2]
51,0.23149999976158142,2,[32  8],[2 2]
837,0.2313999980688095,1,[64],[3]
202,0.22910000383853912,1,[64],[4]
131,0.22759999334812164,1,[64],[3]
591,0.22759999334812164,3,[ 8 32 64],[4 3 2]
739,0.2240999937057495,1,[32],[3]
285,0.05290000140666962,3,[32  8 64],[2 3 4]
587,0.05290000140666962,3,[64  8 16],[4 3 2]
947,0.05290000140666962,3,[64  8 32],[4 4 2]
959,0.05290000140666962,1,[32],[3]
16,0.05290000140666962,4,[16 64  8 16],[3 3 2 2]
267,0.05290000140666962,3,[64  8 32],[4 3 4]
610,0.05290000140666962,3,[16 64 32],[2 4 3]
549,0.05290000140666962,3,[ 8 64 16],[3 2 3]
748,0.05290000140666962,3,[32  8 64],[2 3 3]
970,0.05290000140666962,3,[64 64  8],[4 4 2]
983,0.05290000140666962,3,[64  8 16],[2 3 4]
29,0.05290000140666962,2,[64 16],[3 3]
870,0.05290000140666962,3,[16 64  8],[3 4 2]
869,0.05290000140666962,4,[16 16 16 32],[4 4 4 3]
769,0.05290000140666962,2,[64 16],[4 3]
817,0.05290000140666962,4,[64 64 32  8],[4 3 3 4]
60,0.05209999904036522,4,[8 8 8 8],[3 4 4 4]
735,0.05209999904036522,3,[64  8  8],[4 4 4]
935,0.05209999904036522,3,[32  8  8],[4 3 3]
37,0.05209999904036522,3,[16 64  8],[3 3 4]
478,0.05209999904036522,2,[16 16],[4 3]
102,0.05209999904036522,4,[64  8  8 64],[4 4 3 2]
437,0.05209999904036522,3,[16 16 64],[4 2 4]
758,0.05209999904036522,3,[32 16 64],[3 4 3]
755,0.05209999904036522,3,[32 16 32],[4 3 4]
646,0.05209999904036522,4,[32  8 64 16],[2 4 4 4]
654,0.05209999904036522,3,[ 8 16 32],[3 2 4]
370,0.05209999904036522,3,[64  8  8],[4 2 2]
843,0.05209999904036522,3,[64  8  8],[3 2 3]
746,0.05209999904036522,3,[64  8 32],[3 2 4]
620,0.05209999904036522,3,[64  8 16],[3 4 4]
881,0.05209999904036522,3,[16  8 64],[3 2 4]
105,0.05209999904036522,3,[64 16 32],[3 3 2]
103,0.05209999904036522,3,[64 16  8],[2 2 3]
825,0.05209999904036522,3,[64 64  8],[3 4 3]
108,0.05209999904036522,3,[64 64 16],[4 2 3]
828,0.051899999380111694,3,[32 64 32],[4 4 3]
834,0.051500000059604645,3,[64  8 64],[3 3 4]
814,0.051500000059604645,3,[32 64  8],[2 4 3]
930,0.051500000059604645,3,[ 8  8 64],[3 2 3]
74,0.051500000059604645,3,[ 8 32  8],[3 4 3]
913,0.051500000059604645,3,[16  8 64],[2 4 3]
123,0.051500000059604645,3,[64 64 64],[2 4 4]
378,0.051500000059604645,3,[32  8 32],[4 3 4]
619,0.051500000059604645,3,[64  8 32],[2 2 4]
552,0.051500000059604645,4,[32 32  8 16],[4 2 4 2]
886,0.051500000059604645,3,[16  8 32],[3 4 2]
148,0.051500000059604645,3,[32  8 32],[2 3 4]
359,0.051500000059604645,3,[32  8 32],[2 2 4]
361,0.051500000059604645,3,[64 64  8],[4 4 4]
750,0.051500000059604645,3,[16 64  8],[2 3 3]
328,0.051500000059604645,3,[64 16 64],[4 3 4]
344,0.051500000059604645,3,[64 16 64],[2 2 4]
375,0.051500000059604645,3,[64  8  8],[3 3 4]
362,0.051500000059604645,3,[32 32 64],[3 4 4]
372,0.051500000059604645,3,[64  8 64],[4 4 4]
526,0.051500000059604645,3,[64 16 16],[4 3 4]
539,0.051500000059604645,3,[ 8 32 64],[4 2 2]
445,0.051500000059604645,3,[ 8 32 64],[2 3 3]
556,0.051500000059604645,3,[ 8 64 16],[4 4 4]
659,0.051500000059604645,3,[32 64 16],[3 4 3]
486,0.051500000059604645,3,[ 8 64  8],[4 4 2]
757,0.051500000059604645,3,[16 64  8],[4 4 2]
470,0.051500000059604645,3,[64 16 64],[2 4 2]
682,0.051500000059604645,3,[32 64 64],[4 4 4]
225,0.051500000059604645,3,[16 32 64],[4 3 4]
972,0.051500000059604645,3,[32  8 64],[2 4 3]
92,0.051500000059604645,1,[64],[3]
100,0.051500000059604645,3,[32  8 64],[2 4 2]
596,0.051500000059604645,2,[64  8],[4 4]
602,0.051500000059604645,3,[64  8 64],[2 2 2]
994,0.051500000059604645,3,[64 16  8],[4 4 4]
253,0.051500000059604645,2,[32 32],[4 4]
66,0.051500000059604645,3,[64 64  8],[4 2 3]
49,0.05139999836683273,1,[8],[4]
277,0.05130000039935112,3,[32 64  8],[2 4 3]
841,0.05130000039935112,2,[16 16],[2 4]
939,0.05130000039935112,3,[64 64 64],[2 2 4]
433,0.05130000039935112,2,[32 16],[4 4]
424,0.05130000039935112,3,[64  8 64],[4 3 2]
719,0.05130000039935112,2,[32  8],[4 3]
895,0.05130000039935112,3,[32  8 16],[3 2 4]
575,0.05130000039935112,3,[64 16 64],[4 3 3]
607,0.05130000039935112,3,[16 64 32],[3 4 4]
269,0.05130000039935112,3,[16 16 64],[3 2 3]
215,0.05130000039935112,3,[64 16 64],[2 4 2]
788,0.05130000039935112,3,[16 32  8],[4 4 3]
778,0.05130000039935112,3,[64  8  8],[3 3 4]
296,0.05130000039935112,1,[32],[3]
783,0.05130000039935112,3,[32 64 64],[4 2 4]
665,0.05130000039935112,1,[64],[3]
506,0.05130000039935112,3,[32 64  8],[3 3 4]
398,0.05130000039935112,3,[64  8 64],[3 4 4]
562,0.05130000039935112,3,[32 16 64],[2 4 4]
404,0.05130000039935112,3,[64 32 16],[2 4 4]
606,0.05130000039935112,3,[16  8 64],[2 3 2]
599,0.05130000039935112,4,[32  8  8 16],[4 2 4 2]
109,0.05130000039935112,3,[64  8 16],[3 3 3]
829,0.05130000039935112,3,[64 64 64],[4 4 3]
231,0.05130000039935112,3,[32 16 16],[2 2 2]
819,0.05130000039935112,4,[32  8  8 32],[4 3 3 3]
17,0.05130000039935112,4,[16 32 64  8],[4 3 2 2]
124,0.050999999046325684,3,[16  8 32],[3 4 2]
107,0.050999999046325684,3,[ 8  8 64],[4 3 3]
806,0.050999999046325684,3,[32  8  8],[4 4 4]
240,0.050999999046325684,3,[64 16 64],[3 2 3]
218,0.050999999046325684,3,[16  8 32],[4 4 3]
44,0.050999999046325684,3,[64  8 16],[3 3 3]
251,0.050999999046325684,4,[32 64 64  8],[3 3 4 2]
136,0.050999999046325684,3,[32 16  8],[3 2 2]
714,0.050999999046325684,3,[ 8 32 64],[2 2 4]
450,0.050999999046325684,1,[64],[3]
897,0.050999999046325684,3,[32  8 64],[3 3 2]
349,0.050999999046325684,3,[ 8 16 16],[3 3 4]
801,0.050999999046325684,3,[ 8 16 64],[4 4 4]
153,0.050999999046325684,3,[32  8 64],[3 2 2]
529,0.050999999046325684,2,[32  8],[3 4]
677,0.050999999046325684,2,[64  8],[3 4]
11,0.05090000107884407,1,[64],[2]
631,0.05090000107884407,3,[ 8 32 64],[4 2 2]
118,0.05090000107884407,3,[32 32  8],[4 4 3]
95,0.05090000107884407,3,[64  8 32],[4 2 4]
99,0.05090000107884407,3,[32  8 32],[4 4 4]
630,0.05090000107884407,3,[64 32  8],[4 3 4]
257,0.05090000107884407,3,[16 64 16],[4 4 2]
256,0.05090000107884407,3,[64 64  8],[4 2 4]
289,0.05090000107884407,3,[32  8 64],[4 4 4]
248,0.05090000107884407,3,[ 8 32 64],[3 3 3]
577,0.05090000107884407,3,[64  8 64],[4 4 4]
579,0.05090000107884407,3,[16 64 64],[4 4 2]
617,0.05090000107884407,3,[64 64  8],[2 4 4]
279,0.05090000107884407,3,[64 16 64],[3 4 2]
561,0.05090000107884407,3,[64  8 32],[3 3 3]
771,0.05090000107884407,3,[ 8 32 32],[3 2 4]
309,0.05090000107884407,2,[64 64],[3 2]
223,0.05090000107884407,3,[ 8 32  8],[4 4 3]
658,0.05090000107884407,3,[64 16 32],[4 4 3]
838,0.05090000107884407,1,[64],[3]
499,0.05090000107884407,3,[32 16 32],[3 3 4]
648,0.05090000107884407,3,[64  8 16],[3 2 2]
383,0.05090000107884407,3,[32 32 64],[2 4 3]
786,0.05090000107884407,3,[64 16 64],[4 2 2]
790,0.05090000107884407,3,[16 64 16],[4 4 4]
798,0.05090000107884407,3,[64  8  8],[4 3 3]
324,0.05090000107884407,3,[16  8 32],[2 4 4]
178,0.05090000107884407,3,[ 8 64 16],[3 4 4]
487,0.05090000107884407,3,[32  8 64],[2 4 3]
688,0.05090000107884407,3,[32  8 32],[2 2 4]
149,0.05090000107884407,3,[32 16 64],[3 4 4]
686,0.05090000107884407,3,[ 8 16 16],[4 4 4]
875,0.05090000107884407,3,[ 8  8 32],[2 4 3]
876,0.05090000107884407,3,[32  8  8],[4 3 2]
900,0.05090000107884407,3,[64 64  8],[4 4 4]
467,0.05090000107884407,3,[32  8 32],[3 4 3]
962,0.05090000107884407,2,[64 32],[2 4]
34,0.05090000107884407,3,[64 16 64],[4 3 4]
30,0.050599999725818634,2,[64  8],[3 2]
980,0.050599999725818634,3,[ 8 64 16],[3 4 4]
927,0.050599999725818634,3,[64 16 16],[2 2 3]
916,0.050599999725818634,2,[ 8 16],[2 4]
597,0.050599999725818634,3,[32  8 64],[4 4 3]
692,0.050599999725818634,3,[16  8 32],[4 4 2]
135,0.050599999725818634,3,[64  8 64],[2 2 4]
873,0.050599999725818634,3,[64 64 16],[2 4 3]
668,0.050599999725818634,3,[ 8 16 32],[3 4 4]
3,0.050599999725818634,4,[32 32  8 64],[3 2 2 4]
239,0.050599999725818634,1,[64],[2]
644,0.050599999725818634,2,[64  8],[4 4]
941,0.050599999725818634,3,[16 64 16],[2 3 2]
820,0.050599999725818634,3,[16 16  8],[2 4 3]
660,0.050599999725818634,3,[ 8 16 32],[4 4 2]
222,0.050599999725818634,3,[ 8 16 64],[2 4 3]
427,0.050599999725818634,3,[64 64 32],[2 3 4]
502,0.050599999725818634,4,[32 64 16 64],[2 2 2 4]
340,0.050599999725818634,3,[64  8 64],[4 3 3]
442,0.050599999725818634,3,[16 16 64],[4 4 3]
978,0.050200000405311584,3,[ 8 64 64],[2 2 2]
638,0.050200000405311584,3,[16 64  8],[4 3 4]
942,0.050200000405311584,3,[ 8 32 16],[3 3 3]
568,0.050200000405311584,3,[16 32  8],[3 3 4]
616,0.050200000405311584,3,[16 64 32],[4 4 3]
960,0.050200000405311584,3,[64  8 64],[4 3 3]
661,0.050200000405311584,3,[16 16 64],[2 3 3]
179,0.050200000405311584,2,[16 16],[2 4]
762,0.050200000405311584,3,[64 64 32],[3 4 4]
87,0.050200000405311584,2,[32 32],[3 3]
13,0.050200000405311584,4,[64 16 64  8],[2 4 2 3]
584,0.050200000405311584,3,[32 64  8],[4 3 4]
717,0.050200000405311584,3,[32 64 16],[2 2 4]
77,0.04989999905228615,3,[ 8  8 16],[4 4 3]
588,0.04989999905228615,3,[64  8 64],[2 3 2]
24,0.04989999905228615,3,[32 32  8],[2 2 4]
767,0.04989999905228615,3,[16 16 64],[3 3 4]
168,0.04989999905228615,3,[ 8 16 64],[4 4 4]
618,0.04989999905228615,1,[64],[2]
621,0.04989999905228615,3,[32  8 64],[2 4 4]
713,0.049800001084804535,3,[ 8 16 64],[2 2 3]
114,0.049800001084804535,3,[64 16  8],[4 3 2]
936,0.049800001084804535,3,[32  8 64],[3 4 3]
925,0.049800001084804535,3,[16 32 16],[3 2 3]
268,0.049800001084804535,3,[64  8 64],[3 4 3]
27,0.049800001084804535,3,[16  8  8],[2 4 4]
52,0.049800001084804535,2,[32 32],[4 4]
503,0.049800001084804535,4,[ 8 16  8 64],[2 2 4 3]
333,0.0494999997317791,2,[32 16],[4 2]
184,0.049400001764297485,3,[64 32 64],[2 2 4]
31,0.049400001764297485,1,[8],[4]
348,0.049400001764297485,3,[64 64 32],[3 3 3]
598,0.048700001090765,4,[64 16 64 64],[3 4 4 2]
